Loan_ID,Gender,Married,Dependents,Education,Self_Employed,ApplicantIncome,CoapplicantIncome,LoanAmount,Loan_Amount_Term,Credit_History,Property_Area,Loan_Status,Total_Income,Approval_Flag,Loan by Credit
LP001003,Male,Yes,1,Graduate,No,4583,1508.0,128.0,360.0,1.0,Rural,N,6091.0,0,Approved
LP001005,Male,Yes,0,Graduate,Yes,3000,0.0,66.0,360.0,1.0,Urban,Y,3000.0,1,Approved
LP001006,Male,Yes,0,Not Graduate,No,2583,2358.0,120.0,360.0,1.0,Urban,Y,4941.0,1,Approved
LP001008,Male,No,0,Graduate,No,6000,0.0,141.0,360.0,1.0,Urban,Y,6000.0,1,Approved
LP001013,Male,Yes,0,Not Graduate,No,2333,1516.0,95.0,360.0,1.0,Urban,Y,3849.0,1,Approved
LP001024,Male,Yes,2,Graduate,No,3200,700.0,70.0,360.0,1.0,Urban,Y,3900.0,1,Approved
LP001027,Male,Yes,2,Graduate,No,2500,1840.0,109.0,360.0,1.0,Urban,Y,4340.0,1,Approved
LP001029,Male,No,0,Graduate,No,1853,2840.0,114.0,360.0,1.0,Rural,N,4693.0,0,Approved
LP001030,Male,Yes,2,Graduate,No,1299,1086.0,17.0,120.0,1.0,Urban,Y,2385.0,1,Approved
LP001032,Male,No,0,Graduate,No,4950,0.0,125.0,360.0,1.0,Urban,Y,4950.0,1,Approved
LP001034,Male,No,1,Not Graduate,No,3596,0.0,100.0,240.0,1.0,Urban,Y,3596.0,1,Approved
LP001036,Female,No,0,Graduate,No,3510,0.0,76.0,360.0,0.0,Urban,N,3510.0,0,Rejected
LP001038,Male,Yes,0,Not Graduate,No,4887,0.0,133.0,360.0,1.0,Rural,N,4887.0,0,Approved
LP001041,Male,Yes,0,Graduate,No,2600,3500.0,115.0,360.0,1.0,Urban,Y,6100.0,1,Approved
LP001043,Male,Yes,0,Not Graduate,No,7660,0.0,104.0,360.0,0.0,Urban,N,7660.0,0,Rejected
LP001047,Male,Yes,0,Not Graduate,No,2600,1911.0,116.0,360.0,0.0,Semiurban,N,4511.0,0,Rejected
LP001050,Male,Yes,2,Not Graduate,No,3365,1917.0,112.0,360.0,0.0,Rural,N,5282.0,0,Rejected
LP001068,Male,Yes,0,Graduate,No,2799,2253.0,122.0,360.0,1.0,Semiurban,Y,5052.0,1,Approved
LP001073,Male,Yes,2,Not Graduate,No,4226,1040.0,110.0,360.0,1.0,Urban,Y,5266.0,1,Approved
LP001086,Male,No,0,Not Graduate,No,1442,0.0,35.0,360.0,1.0,Urban,N,1442.0,0,Approved
LP001087,Female,No,2,Graduate,No,3750,2083.0,120.0,360.0,1.0,Semiurban,Y,5833.0,1,Approved
LP001095,Male,No,0,Graduate,No,3167,0.0,74.0,360.0,1.0,Urban,N,3167.0,0,Approved
LP001097,Male,No,1,Graduate,Yes,4692,0.0,106.0,360.0,1.0,Rural,N,4692.0,0,Approved
LP001098,Male,Yes,0,Graduate,No,3500,1667.0,114.0,360.0,1.0,Semiurban,Y,5167.0,1,Approved
LP001109,Male,Yes,0,Graduate,No,1828,1330.0,100.0,360.0,0.0,Urban,N,3158.0,0,Rejected
LP001112,Female,Yes,0,Graduate,No,3667,1459.0,144.0,360.0,1.0,Semiurban,Y,5126.0,1,Approved
LP001116,Male,No,0,Not Graduate,No,3748,1668.0,110.0,360.0,1.0,Semiurban,Y,5416.0,1,Approved
LP001119,Male,No,0,Graduate,No,3600,0.0,80.0,360.0,1.0,Urban,N,3600.0,0,Approved
LP001120,Male,No,0,Graduate,No,1800,1213.0,47.0,360.0,1.0,Urban,Y,3013.0,1,Approved
LP001123,Male,Yes,0,Graduate,No,2400,0.0,75.0,360.0,1.0,Urban,Y,2400.0,1,Approved
LP001131,Male,Yes,0,Graduate,No,3941,2336.0,134.0,360.0,1.0,Semiurban,Y,6277.0,1,Approved
LP001136,Male,Yes,0,Not Graduate,Yes,4695,0.0,96.0,360.0,1.0,Urban,Y,4695.0,1,Approved
LP001137,Female,No,0,Graduate,No,3410,0.0,88.0,360.0,1.0,Urban,Y,3410.0,1,Approved
LP001138,Male,Yes,1,Graduate,No,5649,0.0,44.0,360.0,1.0,Urban,Y,5649.0,1,Approved
LP001144,Male,Yes,0,Graduate,No,5821,0.0,144.0,360.0,1.0,Urban,Y,5821.0,1,Approved
LP001146,Female,Yes,0,Graduate,No,2645,3440.0,120.0,360.0,0.0,Urban,N,6085.0,0,Rejected
LP001151,Female,No,0,Graduate,No,4000,2275.0,144.0,360.0,1.0,Semiurban,Y,6275.0,1,Approved
LP001155,Female,Yes,0,Not Graduate,No,1928,1644.0,100.0,360.0,1.0,Semiurban,Y,3572.0,1,Approved
LP001157,Female,No,0,Graduate,No,3086,0.0,120.0,360.0,1.0,Semiurban,Y,3086.0,1,Approved
LP001164,Female,No,0,Graduate,No,4230,0.0,112.0,360.0,1.0,Semiurban,N,4230.0,0,Approved
LP001179,Male,Yes,2,Graduate,No,4616,0.0,134.0,360.0,1.0,Urban,N,4616.0,0,Approved
LP001194,Male,Yes,2,Graduate,No,2708,1167.0,97.0,360.0,1.0,Semiurban,Y,3875.0,1,Approved
LP001195,Male,Yes,0,Graduate,No,2132,1591.0,96.0,360.0,1.0,Semiurban,Y,3723.0,1,Approved
LP001197,Male,Yes,0,Graduate,No,3366,2200.0,135.0,360.0,1.0,Rural,N,5566.0,0,Approved
LP001199,Male,Yes,2,Not Graduate,No,3357,2859.0,144.0,360.0,1.0,Urban,Y,6216.0,1,Approved
LP001205,Male,Yes,0,Graduate,No,2500,3796.0,120.0,360.0,1.0,Urban,Y,6296.0,1,Approved
LP001206,Male,Yes,3+,Graduate,No,3029,0.0,99.0,360.0,1.0,Urban,Y,3029.0,1,Approved
LP001222,Female,No,0,Graduate,No,4166,0.0,116.0,360.0,0.0,Semiurban,N,4166.0,0,Rejected
LP001228,Male,No,0,Not Graduate,No,3200,2254.0,126.0,180.0,0.0,Urban,N,5454.0,0,Rejected
LP001238,Male,Yes,3+,Not Graduate,Yes,7100,0.0,125.0,60.0,1.0,Urban,Y,7100.0,1,Approved
LP001241,Female,No,0,Graduate,No,4300,0.0,136.0,360.0,0.0,Semiurban,N,4300.0,0,Rejected
LP001245,Male,Yes,2,Not Graduate,Yes,1875,1875.0,97.0,360.0,1.0,Semiurban,Y,3750.0,1,Approved
LP001248,Male,No,0,Graduate,No,3500,0.0,81.0,300.0,1.0,Semiurban,Y,3500.0,1,Approved
LP001250,Male,Yes,3+,Not Graduate,No,4755,0.0,95.0,360.0,0.0,Semiurban,N,4755.0,0,Rejected
LP001255,Male,No,0,Graduate,No,3750,0.0,113.0,480.0,1.0,Urban,N,3750.0,0,Approved
LP001259,Male,Yes,1,Graduate,Yes,1000,3022.0,110.0,360.0,1.0,Urban,N,4022.0,0,Approved
LP001264,Male,Yes,3+,Not Graduate,Yes,3333,2166.0,130.0,360.0,1.0,Semiurban,Y,5499.0,1,Approved
LP001265,Female,No,0,Graduate,No,3846,0.0,111.0,360.0,1.0,Semiurban,Y,3846.0,1,Approved
LP001275,Male,Yes,1,Graduate,No,3988,0.0,50.0,240.0,1.0,Urban,Y,3988.0,1,Approved
LP001279,Male,No,0,Graduate,No,2366,2531.0,136.0,360.0,1.0,Semiurban,Y,4897.0,1,Approved
LP001280,Male,Yes,2,Not Graduate,No,3333,2000.0,99.0,360.0,1.0,Semiurban,Y,5333.0,1,Approved
LP001282,Male,Yes,0,Graduate,No,2500,2118.0,104.0,360.0,1.0,Semiurban,Y,4618.0,1,Approved
LP001316,Male,Yes,0,Graduate,No,2958,2900.0,131.0,360.0,1.0,Semiurban,Y,5858.0,1,Approved
LP001319,Male,Yes,2,Not Graduate,No,3273,1820.0,81.0,360.0,1.0,Urban,Y,5093.0,1,Approved
LP001322,Male,No,0,Graduate,No,4133,0.0,122.0,360.0,1.0,Semiurban,Y,4133.0,1,Approved
LP001325,Male,No,0,Not Graduate,No,3620,0.0,25.0,120.0,1.0,Semiurban,Y,3620.0,1,Approved
LP001327,Female,Yes,0,Graduate,No,2484,2302.0,137.0,360.0,1.0,Semiurban,Y,4786.0,1,Approved
LP001333,Male,Yes,0,Graduate,No,1977,997.0,50.0,360.0,1.0,Semiurban,Y,2974.0,1,Approved
LP001334,Male,Yes,0,Not Graduate,No,4188,0.0,115.0,180.0,1.0,Semiurban,Y,4188.0,1,Approved
LP001343,Male,Yes,0,Graduate,No,1759,3541.0,131.0,360.0,1.0,Semiurban,Y,5300.0,1,Approved
LP001345,Male,Yes,2,Not Graduate,No,4288,3263.0,133.0,180.0,1.0,Urban,Y,7551.0,1,Approved
LP001367,Male,Yes,1,Graduate,No,3052,1030.0,100.0,360.0,1.0,Urban,Y,4082.0,1,Approved
LP001370,Male,No,0,Not Graduate,No,7333,0.0,120.0,360.0,1.0,Rural,N,7333.0,0,Approved
LP001384,Male,Yes,3+,Not Graduate,No,2071,754.0,94.0,480.0,1.0,Semiurban,Y,2825.0,1,Approved
LP001385,Male,No,0,Graduate,No,5316,0.0,136.0,360.0,1.0,Urban,Y,5316.0,1,Approved
LP001387,Female,Yes,0,Graduate,No,2929,2333.0,139.0,360.0,1.0,Semiurban,Y,5262.0,1,Approved
LP001398,Male,No,0,Graduate,No,5050,0.0,118.0,360.0,1.0,Semiurban,Y,5050.0,1,Approved
LP001405,Male,Yes,1,Graduate,No,2214,1398.0,85.0,360.0,1.0,Urban,Y,3612.0,1,Approved
LP001430,Female,No,0,Graduate,No,4166,0.0,44.0,360.0,1.0,Semiurban,Y,4166.0,1,Approved
LP001431,Female,No,0,Graduate,No,2137,8980.0,137.0,360.0,0.0,Semiurban,Y,11117.0,1,Rejected
LP001432,Male,Yes,2,Graduate,No,2957,0.0,81.0,360.0,1.0,Semiurban,Y,2957.0,1,Approved
LP001443,Female,No,0,Graduate,No,3692,0.0,93.0,360.0,1.0,Rural,Y,3692.0,1,Approved
LP001473,Male,No,0,Graduate,No,2014,1929.0,74.0,360.0,1.0,Urban,Y,3943.0,1,Approved
LP001478,Male,No,0,Graduate,No,2718,0.0,70.0,360.0,1.0,Semiurban,Y,2718.0,1,Approved
LP001482,Male,Yes,0,Graduate,Yes,3459,0.0,25.0,120.0,1.0,Semiurban,Y,3459.0,1,Approved
LP001487,Male,No,0,Graduate,No,4895,0.0,102.0,360.0,1.0,Semiurban,Y,4895.0,1,Approved
LP001489,Female,Yes,0,Graduate,No,4583,0.0,84.0,360.0,1.0,Rural,N,4583.0,0,Approved
LP001491,Male,Yes,2,Graduate,Yes,3316,3500.0,88.0,360.0,1.0,Urban,Y,6816.0,1,Approved
LP001493,Male,Yes,2,Not Graduate,No,4200,1430.0,129.0,360.0,1.0,Rural,N,5630.0,0,Approved
LP001507,Male,Yes,0,Graduate,No,2698,2034.0,122.0,360.0,1.0,Semiurban,Y,4732.0,1,Approved
LP001514,Female,Yes,0,Graduate,No,2330,4486.0,100.0,360.0,1.0,Semiurban,Y,6816.0,1,Approved
LP001518,Male,Yes,1,Graduate,No,1538,1425.0,30.0,360.0,1.0,Urban,Y,2963.0,1,Approved
LP001520,Male,Yes,0,Graduate,No,4860,830.0,125.0,360.0,1.0,Semiurban,Y,5690.0,1,Approved
LP001528,Male,No,0,Graduate,No,6277,0.0,118.0,360.0,0.0,Rural,N,6277.0,0,Rejected
LP001532,Male,Yes,2,Not Graduate,No,2281,0.0,113.0,360.0,1.0,Rural,N,2281.0,0,Approved
LP001535,Male,No,0,Graduate,No,3254,0.0,50.0,360.0,1.0,Urban,Y,3254.0,1,Approved
LP001546,Male,No,0,Graduate,No,2980,2083.0,120.0,360.0,1.0,Rural,Y,5063.0,1,Approved
LP001560,Male,Yes,0,Not Graduate,No,1863,1041.0,98.0,360.0,1.0,Semiurban,Y,2904.0,1,Approved
LP001565,Male,Yes,1,Graduate,No,3089,1280.0,121.0,360.0,0.0,Semiurban,N,4369.0,0,Rejected
LP001572,Male,Yes,0,Graduate,No,9323,0.0,75.0,180.0,1.0,Urban,Y,9323.0,1,Approved
LP001577,Female,Yes,0,Graduate,No,4583,0.0,112.0,360.0,1.0,Rural,N,4583.0,0,Approved
LP001578,Male,Yes,0,Graduate,No,2439,3333.0,129.0,360.0,1.0,Rural,Y,5772.0,1,Approved
LP001579,Male,No,0,Graduate,No,2237,0.0,63.0,480.0,0.0,Semiurban,N,2237.0,0,Rejected
LP001581,Male,Yes,0,Not Graduate,No,1820,1769.0,95.0,360.0,1.0,Rural,Y,3589.0,1,Approved
LP001586,Male,Yes,3+,Not Graduate,No,3522,0.0,81.0,180.0,1.0,Rural,N,3522.0,0,Approved
LP001603,Male,Yes,0,Not Graduate,Yes,4344,736.0,87.0,360.0,1.0,Semiurban,N,5080.0,0,Approved
LP001606,Male,Yes,0,Graduate,No,3497,1964.0,116.0,360.0,1.0,Rural,Y,5461.0,1,Approved
LP001608,Male,Yes,2,Graduate,No,2045,1619.0,101.0,360.0,1.0,Rural,Y,3664.0,1,Approved
LP001616,Male,Yes,1,Graduate,No,3750,0.0,116.0,360.0,1.0,Semiurban,Y,3750.0,1,Approved
LP001630,Male,No,0,Not Graduate,No,2333,1451.0,102.0,480.0,0.0,Urban,N,3784.0,0,Rejected
LP001634,Male,No,0,Graduate,No,1916,5063.0,67.0,360.0,1.0,Rural,N,6979.0,0,Approved
LP001636,Male,Yes,0,Graduate,No,4600,0.0,73.0,180.0,1.0,Semiurban,Y,4600.0,1,Approved
LP001639,Female,Yes,0,Graduate,No,3625,0.0,108.0,360.0,1.0,Semiurban,Y,3625.0,1,Approved
LP001641,Male,Yes,1,Graduate,Yes,2178,0.0,66.0,300.0,0.0,Rural,N,2178.0,0,Rejected
LP001643,Male,Yes,0,Graduate,No,2383,2138.0,58.0,360.0,1.0,Rural,Y,4521.0,1,Approved
LP001653,Male,No,0,Not Graduate,No,4885,0.0,48.0,360.0,1.0,Rural,Y,4885.0,1,Approved
LP001658,Male,No,0,Graduate,No,3858,0.0,76.0,360.0,1.0,Semiurban,Y,3858.0,1,Approved
LP001664,Male,No,0,Graduate,No,4191,0.0,120.0,360.0,1.0,Rural,Y,4191.0,1,Approved
LP001669,Female,No,0,Not Graduate,No,1907,2365.0,120.0,360.0,1.0,Urban,Y,4272.0,1,Approved
LP001671,Female,Yes,0,Graduate,No,3416,2816.0,113.0,360.0,1.0,Semiurban,Y,6232.0,1,Approved
LP001674,Male,Yes,1,Not Graduate,No,2600,2500.0,90.0,360.0,1.0,Semiurban,Y,5100.0,1,Approved
LP001688,Male,Yes,1,Not Graduate,No,3500,1083.0,135.0,360.0,1.0,Urban,Y,4583.0,1,Approved
LP001691,Male,Yes,2,Not Graduate,No,3917,0.0,124.0,360.0,1.0,Semiurban,Y,3917.0,1,Approved
LP001692,Female,No,0,Not Graduate,No,4408,0.0,120.0,360.0,1.0,Semiurban,Y,4408.0,1,Approved
LP001693,Female,No,0,Graduate,No,3244,0.0,80.0,360.0,1.0,Urban,Y,3244.0,1,Approved
LP001698,Male,No,0,Not Graduate,No,3975,2531.0,55.0,360.0,1.0,Rural,Y,6506.0,1,Approved
LP001699,Male,No,0,Graduate,No,2479,0.0,59.0,360.0,1.0,Urban,Y,2479.0,1,Approved
LP001702,Male,No,0,Graduate,No,3418,0.0,127.0,360.0,1.0,Semiurban,N,3418.0,0,Approved
LP001711,Male,Yes,3+,Graduate,No,3430,1250.0,128.0,360.0,0.0,Semiurban,N,4680.0,0,Rejected
LP001715,Male,Yes,3+,Not Graduate,Yes,5703,0.0,130.0,360.0,1.0,Rural,Y,5703.0,1,Approved
LP001716,Male,Yes,0,Graduate,No,3173,3021.0,137.0,360.0,1.0,Urban,Y,6194.0,1,Approved
LP001720,Male,Yes,3+,Not Graduate,No,3850,983.0,100.0,360.0,1.0,Semiurban,Y,4833.0,1,Approved
LP001722,Male,Yes,0,Graduate,No,150,1800.0,135.0,360.0,1.0,Rural,N,1950.0,0,Approved
LP001726,Male,Yes,0,Graduate,No,3727,1775.0,131.0,360.0,1.0,Semiurban,Y,5502.0,1,Approved
LP001732,Male,Yes,2,Graduate,No,5000,0.0,72.0,360.0,0.0,Semiurban,N,5000.0,0,Rejected
LP001734,Female,Yes,2,Graduate,No,4283,2383.0,127.0,360.0,1.0,Semiurban,Y,6666.0,1,Approved
LP001736,Male,Yes,0,Graduate,No,2221,0.0,60.0,360.0,0.0,Urban,N,2221.0,0,Rejected
LP001743,Male,Yes,2,Graduate,No,4009,1717.0,116.0,360.0,1.0,Semiurban,Y,5726.0,1,Approved
LP001744,Male,No,0,Graduate,No,2971,2791.0,144.0,360.0,1.0,Semiurban,Y,5762.0,1,Approved
LP001750,Male,Yes,0,Graduate,No,6250,0.0,128.0,360.0,1.0,Semiurban,Y,6250.0,1,Approved
LP001754,Male,Yes,0,Not Graduate,Yes,4735,0.0,138.0,360.0,1.0,Urban,N,4735.0,0,Approved
LP001765,Male,Yes,1,Graduate,No,2491,2054.0,104.0,360.0,1.0,Semiurban,Y,4545.0,1,Approved
LP001768,Male,Yes,0,Graduate,No,3716,0.0,42.0,180.0,1.0,Rural,Y,3716.0,1,Approved
LP001770,Male,No,0,Not Graduate,No,3189,2598.0,120.0,360.0,1.0,Rural,Y,5787.0,1,Approved
LP001778,Male,Yes,1,Graduate,No,3155,1779.0,140.0,360.0,1.0,Semiurban,Y,4934.0,1,Approved
LP001788,Female,No,0,Graduate,Yes,3463,0.0,122.0,360.0,1.0,Urban,Y,3463.0,1,Approved
LP001790,Female,No,1,Graduate,No,3812,0.0,112.0,360.0,1.0,Rural,Y,3812.0,1,Approved
LP001792,Male,Yes,1,Graduate,No,3315,0.0,96.0,360.0,1.0,Semiurban,Y,3315.0,1,Approved
LP001798,Male,Yes,2,Graduate,No,5819,5000.0,120.0,360.0,1.0,Rural,Y,10819.0,1,Approved
LP001800,Male,Yes,1,Not Graduate,No,2510,1983.0,140.0,180.0,1.0,Urban,N,4493.0,0,Approved
LP001807,Male,Yes,2,Graduate,Yes,6250,1300.0,108.0,360.0,1.0,Rural,Y,7550.0,1,Approved
LP001811,Male,Yes,0,Not Graduate,No,3406,4417.0,123.0,360.0,1.0,Semiurban,Y,7823.0,1,Approved
LP001813,Male,No,0,Graduate,Yes,6050,4333.0,120.0,180.0,1.0,Urban,N,10383.0,0,Approved
LP001814,Male,Yes,2,Graduate,No,9703,0.0,112.0,360.0,1.0,Urban,Y,9703.0,1,Approved
LP001819,Male,Yes,1,Not Graduate,No,6608,0.0,137.0,180.0,1.0,Urban,Y,6608.0,1,Approved
LP001824,Male,Yes,1,Graduate,No,2882,1843.0,123.0,480.0,1.0,Semiurban,Y,4725.0,1,Approved
LP001825,Male,Yes,0,Graduate,No,1809,1868.0,90.0,360.0,1.0,Urban,Y,3677.0,1,Approved
LP001836,Female,No,2,Graduate,No,3427,0.0,138.0,360.0,1.0,Urban,N,3427.0,0,Approved
LP001841,Male,No,0,Not Graduate,Yes,2583,2167.0,104.0,360.0,1.0,Rural,Y,4750.0,1,Approved
LP001849,Male,No,0,Not Graduate,No,6045,0.0,115.0,360.0,0.0,Rural,N,6045.0,0,Rejected
LP001854,Male,Yes,3+,Graduate,No,5250,0.0,94.0,360.0,1.0,Urban,N,5250.0,0,Approved
LP001864,Male,Yes,3+,Not Graduate,No,4931,0.0,128.0,360.0,1.0,Semiurban,N,4931.0,0,Approved
LP001868,Male,No,0,Graduate,No,2060,2209.0,134.0,360.0,1.0,Semiurban,Y,4269.0,1,Approved
LP001871,Female,No,0,Graduate,No,7200,0.0,120.0,360.0,1.0,Rural,Y,7200.0,1,Approved
LP001872,Male,No,0,Graduate,Yes,5166,0.0,128.0,360.0,1.0,Semiurban,Y,5166.0,1,Approved
LP001877,Male,Yes,2,Graduate,No,4708,1387.0,150.0,360.0,1.0,Semiurban,Y,6095.0,1,Approved
LP001883,Female,No,0,Graduate,No,3418,0.0,135.0,360.0,1.0,Rural,N,3418.0,0,Approved
LP001884,Female,No,1,Graduate,No,2876,1560.0,90.0,360.0,1.0,Urban,Y,4436.0,1,Approved
LP001888,Female,No,0,Graduate,No,3237,0.0,30.0,360.0,1.0,Urban,Y,3237.0,1,Approved
LP001892,Male,No,0,Graduate,No,2833,1857.0,126.0,360.0,1.0,Rural,Y,4690.0,1,Approved
LP001894,Male,Yes,0,Graduate,No,2620,2223.0,150.0,360.0,1.0,Semiurban,Y,4843.0,1,Approved
LP001896,Male,Yes,2,Graduate,No,3900,0.0,90.0,360.0,1.0,Semiurban,Y,3900.0,1,Approved
LP001900,Male,Yes,1,Graduate,No,2750,1842.0,115.0,360.0,1.0,Semiurban,Y,4592.0,1,Approved
LP001904,Male,Yes,0,Graduate,No,3103,1300.0,80.0,360.0,1.0,Urban,Y,4403.0,1,Approved
LP001908,Female,Yes,0,Not Graduate,No,4100,0.0,124.0,360.0,1.0,Rural,Y,4100.0,1,Approved
LP001914,Male,Yes,0,Graduate,No,3927,800.0,112.0,360.0,1.0,Semiurban,Y,4727.0,1,Approved
LP001915,Male,Yes,2,Graduate,No,2301,985.7999877999998,78.0,180.0,1.0,Urban,Y,3286.7999878,1,Approved
LP001917,Female,No,0,Graduate,No,1811,1666.0,54.0,360.0,1.0,Urban,Y,3477.0,1,Approved
LP001924,Male,No,0,Graduate,No,3158,3053.0,89.0,360.0,1.0,Rural,Y,6211.0,1,Approved
LP001925,Female,No,0,Graduate,Yes,2600,1717.0,99.0,300.0,1.0,Semiurban,N,4317.0,0,Approved
LP001926,Male,Yes,0,Graduate,No,3704,2000.0,120.0,360.0,1.0,Rural,Y,5704.0,1,Approved
LP001931,Female,No,0,Graduate,No,4124,0.0,115.0,360.0,1.0,Semiurban,Y,4124.0,1,Approved
LP001936,Male,Yes,0,Graduate,No,3075,2416.0,139.0,360.0,1.0,Rural,Y,5491.0,1,Approved
LP001938,Male,Yes,2,Graduate,No,4400,0.0,127.0,360.0,0.0,Semiurban,N,4400.0,0,Rejected
LP001940,Male,Yes,2,Graduate,No,3153,1560.0,134.0,360.0,1.0,Urban,Y,4713.0,1,Approved
LP001945,Female,No,0,Graduate,No,5417,0.0,143.0,480.0,0.0,Urban,N,5417.0,0,Rejected
LP001949,Male,Yes,3+,Graduate,No,4416,1250.0,110.0,360.0,1.0,Urban,Y,5666.0,1,Approved
LP001954,Female,Yes,1,Graduate,No,4666,0.0,135.0,360.0,1.0,Urban,Y,4666.0,1,Approved
LP001963,Male,Yes,1,Graduate,No,2014,2925.0,113.0,360.0,1.0,Urban,N,4939.0,0,Approved
LP001964,Male,Yes,0,Not Graduate,No,1800,2934.0,93.0,360.0,0.0,Urban,N,4734.0,0,Rejected
LP001972,Male,Yes,0,Not Graduate,No,2875,1750.0,105.0,360.0,1.0,Semiurban,Y,4625.0,1,Approved
LP001974,Female,No,0,Graduate,No,5000,0.0,132.0,360.0,1.0,Rural,Y,5000.0,1,Approved
LP001977,Male,Yes,1,Graduate,No,1625,1803.0,96.0,360.0,1.0,Urban,Y,3428.0,1,Approved
LP001978,Male,No,0,Graduate,No,4000,2500.0,140.0,360.0,1.0,Rural,Y,6500.0,1,Approved
LP001993,Female,No,0,Graduate,No,3762,1666.0,135.0,360.0,1.0,Rural,Y,5428.0,1,Approved
LP001994,Female,No,0,Graduate,No,2400,1863.0,104.0,360.0,0.0,Urban,N,4263.0,0,Rejected
LP002002,Female,No,0,Graduate,No,2917,0.0,84.0,360.0,1.0,Semiurban,Y,2917.0,1,Approved
LP002004,Male,No,0,Not Graduate,No,2927,2405.0,111.0,360.0,1.0,Semiurban,Y,5332.0,1,Approved
LP002006,Female,No,0,Graduate,No,2507,0.0,56.0,360.0,1.0,Rural,Y,2507.0,1,Approved
LP002008,Male,Yes,2,Graduate,Yes,5746,0.0,144.0,84.0,1.0,Rural,Y,5746.0,1,Approved
LP002031,Male,Yes,1,Not Graduate,No,3399,1640.0,111.0,180.0,1.0,Urban,Y,5039.0,1,Approved
LP002035,Male,Yes,2,Graduate,No,3717,0.0,120.0,360.0,1.0,Semiurban,Y,3717.0,1,Approved
LP002036,Male,Yes,0,Graduate,No,2058,2134.0,88.0,360.0,1.0,Urban,Y,4192.0,1,Approved
LP002043,Female,No,1,Graduate,No,3541,0.0,112.0,360.0,1.0,Semiurban,Y,3541.0,1,Approved
LP002051,Male,Yes,0,Graduate,No,2400,2167.0,115.0,360.0,1.0,Semiurban,Y,4567.0,1,Approved
LP002053,Male,Yes,3+,Graduate,No,4342,189.0,124.0,360.0,1.0,Semiurban,Y,4531.0,1,Approved
LP002055,Female,No,0,Graduate,No,3166,2985.0,132.0,360.0,1.0,Rural,Y,6151.0,1,Approved
LP002068,Male,No,0,Graduate,No,4917,0.0,130.0,360.0,0.0,Rural,Y,4917.0,1,Rejected
LP002086,Female,Yes,0,Graduate,No,4333,2451.0,110.0,360.0,1.0,Urban,N,6784.0,0,Approved
LP002087,Female,No,0,Graduate,No,2500,0.0,67.0,360.0,1.0,Urban,Y,2500.0,1,Approved
LP002097,Male,No,1,Graduate,No,4384,1793.0,117.0,360.0,1.0,Urban,Y,6177.0,1,Approved
LP002098,Male,No,0,Graduate,No,2935,0.0,98.0,360.0,1.0,Semiurban,Y,2935.0,1,Approved
LP002100,Male,No,0,Graduate,No,2833,0.0,71.0,360.0,1.0,Urban,Y,2833.0,1,Approved
LP002106,Male,Yes,0,Graduate,Yes,5503,4490.0,70.0,360.0,1.0,Semiurban,Y,9993.0,1,Approved
LP002114,Female,No,0,Graduate,No,4160,0.0,71.0,360.0,1.0,Semiurban,Y,4160.0,1,Approved
LP002116,Female,No,0,Graduate,No,2378,0.0,46.0,360.0,1.0,Rural,N,2378.0,0,Approved
LP002126,Male,Yes,3+,Not Graduate,No,3173,0.0,74.0,360.0,1.0,Semiurban,Y,3173.0,1,Approved
LP002128,Male,Yes,2,Graduate,No,2583,2330.0,125.0,360.0,1.0,Rural,Y,4913.0,1,Approved
LP002131,Male,Yes,2,Not Graduate,No,3083,2168.0,126.0,360.0,1.0,Urban,Y,5251.0,1,Approved
LP002141,Male,Yes,3+,Graduate,No,2666,2083.0,95.0,360.0,1.0,Rural,Y,4749.0,1,Approved
LP002142,Female,Yes,0,Graduate,Yes,5500,0.0,105.0,360.0,0.0,Rural,N,5500.0,0,Rejected
LP002143,Female,Yes,0,Graduate,No,2423,505.0,130.0,360.0,1.0,Semiurban,Y,2928.0,1,Approved
LP002144,Female,No,0,Graduate,No,3813,0.0,116.0,180.0,1.0,Urban,Y,3813.0,1,Approved
LP002151,Male,Yes,1,Graduate,No,3875,0.0,67.0,360.0,1.0,Urban,N,3875.0,0,Approved
LP002158,Male,Yes,0,Not Graduate,No,3000,1666.0,100.0,480.0,0.0,Urban,N,4666.0,0,Rejected
LP002161,Female,No,1,Graduate,No,4723,0.0,81.0,360.0,1.0,Semiurban,N,4723.0,0,Approved
LP002175,Male,Yes,0,Graduate,No,4750,2333.0,130.0,360.0,1.0,Urban,Y,7083.0,1,Approved
LP002178,Male,Yes,0,Graduate,No,3013,3033.0,95.0,300.0,1.0,Urban,Y,6046.0,1,Approved
LP002180,Male,No,0,Graduate,Yes,6822,0.0,141.0,360.0,1.0,Rural,Y,6822.0,1,Approved
LP002181,Male,No,0,Not Graduate,No,6216,0.0,133.0,360.0,1.0,Rural,N,6216.0,0,Approved
LP002187,Male,No,0,Graduate,No,2500,0.0,96.0,480.0,1.0,Semiurban,N,2500.0,0,Approved
LP002188,Male,No,0,Graduate,No,5124,0.0,124.0,360.0,0.0,Rural,N,5124.0,0,Rejected
LP002205,Male,No,1,Graduate,No,3062,1987.0,111.0,180.0,0.0,Urban,N,5049.0,0,Rejected
LP002209,Female,No,0,Graduate,No,2764,1459.0,110.0,360.0,1.0,Urban,Y,4223.0,1,Approved
LP002211,Male,Yes,0,Graduate,No,4817,923.0,120.0,180.0,1.0,Urban,Y,5740.0,1,Approved
LP002219,Male,Yes,3+,Graduate,No,8750,4996.0,130.0,360.0,1.0,Rural,Y,13746.0,1,Approved
LP002223,Male,Yes,0,Graduate,No,4310,0.0,130.0,360.0,1.0,Semiurban,Y,4310.0,1,Approved
LP002224,Male,No,0,Graduate,No,3069,0.0,71.0,480.0,1.0,Urban,N,3069.0,0,Approved
LP002225,Male,Yes,2,Graduate,No,5391,0.0,130.0,360.0,1.0,Urban,Y,5391.0,1,Approved
LP002226,Male,Yes,0,Graduate,No,3333,2500.0,128.0,360.0,1.0,Semiurban,Y,5833.0,1,Approved
LP002234,Male,No,0,Graduate,Yes,7167,0.0,128.0,360.0,1.0,Urban,Y,7167.0,1,Approved
LP002236,Male,Yes,2,Graduate,No,4566,0.0,100.0,360.0,1.0,Urban,N,4566.0,0,Approved
LP002237,Male,No,1,Graduate,No,3667,0.0,113.0,180.0,1.0,Urban,Y,3667.0,1,Approved
LP002239,Male,No,0,Not Graduate,No,2346,1600.0,132.0,360.0,1.0,Semiurban,Y,3946.0,1,Approved
LP002244,Male,Yes,0,Graduate,No,2333,2417.0,136.0,360.0,1.0,Urban,Y,4750.0,1,Approved
LP002250,Male,Yes,0,Graduate,No,5488,0.0,125.0,360.0,1.0,Rural,Y,5488.0,1,Approved
LP002263,Male,Yes,0,Graduate,No,2583,2115.0,120.0,360.0,1.0,Urban,Y,4698.0,1,Approved
LP002265,Male,Yes,2,Not Graduate,No,1993,1625.0,113.0,180.0,1.0,Semiurban,Y,3618.0,1,Approved
LP002266,Male,Yes,2,Graduate,No,3100,1400.0,113.0,360.0,1.0,Urban,Y,4500.0,1,Approved
LP002272,Male,Yes,2,Graduate,No,3276,484.0,135.0,360.0,1.0,Semiurban,Y,3760.0,1,Approved
LP002277,Female,No,0,Graduate,No,3180,0.0,71.0,360.0,0.0,Urban,N,3180.0,0,Rejected
LP002281,Male,Yes,0,Graduate,No,3033,1459.0,95.0,360.0,1.0,Urban,Y,4492.0,1,Approved
LP002284,Male,No,0,Not Graduate,No,3902,1666.0,109.0,360.0,1.0,Rural,Y,5568.0,1,Approved
LP002287,Female,No,0,Graduate,No,1500,1800.0,103.0,360.0,0.0,Semiurban,N,3300.0,0,Rejected
LP002288,Male,Yes,2,Not Graduate,No,2889,0.0,45.0,180.0,0.0,Urban,N,2889.0,0,Rejected
LP002296,Male,No,0,Not Graduate,No,2755,0.0,65.0,300.0,1.0,Rural,N,2755.0,0,Approved
LP002297,Male,No,0,Graduate,No,2500,20000.0,103.0,360.0,1.0,Semiurban,Y,22500.0,1,Approved
LP002300,Female,No,0,Not Graduate,No,1963,0.0,53.0,360.0,1.0,Semiurban,Y,1963.0,1,Approved
LP002305,Female,No,0,Graduate,No,4547,0.0,115.0,360.0,1.0,Semiurban,Y,4547.0,1,Approved
LP002308,Male,Yes,0,Not Graduate,No,2167,2400.0,115.0,360.0,1.0,Urban,Y,4567.0,1,Approved
LP002314,Female,No,0,Not Graduate,No,2213,0.0,66.0,360.0,1.0,Rural,Y,2213.0,1,Approved
LP002318,Female,No,1,Not Graduate,Yes,3867,0.0,62.0,360.0,1.0,Semiurban,N,3867.0,0,Approved
LP002332,Male,Yes,0,Not Graduate,No,2253,2033.0,110.0,360.0,1.0,Rural,Y,4286.0,1,Approved
LP002337,Female,No,0,Graduate,No,2995,0.0,60.0,360.0,1.0,Urban,Y,2995.0,1,Approved
LP002345,Male,Yes,0,Graduate,No,1025,2773.0,112.0,360.0,1.0,Rural,Y,3798.0,1,Approved
LP002347,Male,Yes,0,Graduate,No,3246,1417.0,138.0,360.0,1.0,Semiurban,Y,4663.0,1,Approved
LP002348,Male,Yes,0,Graduate,No,5829,0.0,138.0,360.0,1.0,Rural,Y,5829.0,1,Approved
LP002357,Female,No,0,Not Graduate,No,2720,0.0,80.0,360.0,0.0,Urban,N,2720.0,0,Rejected
LP002361,Male,Yes,0,Graduate,No,1820,1719.0,100.0,360.0,1.0,Urban,Y,3539.0,1,Approved
LP002362,Male,Yes,1,Graduate,No,7250,1667.0,110.0,360.0,0.0,Urban,N,8917.0,0,Rejected
LP002366,Male,Yes,0,Graduate,No,2666,4300.0,121.0,360.0,1.0,Rural,Y,6966.0,1,Approved
LP002367,Female,No,1,Not Graduate,No,4606,0.0,81.0,360.0,1.0,Rural,N,4606.0,0,Approved
LP002368,Male,Yes,2,Graduate,No,5935,0.0,133.0,360.0,1.0,Semiurban,Y,5935.0,1,Approved
LP002369,Male,Yes,0,Graduate,No,2920,16.12000084,87.0,360.0,1.0,Rural,Y,2936.12000084,1,Approved
LP002370,Male,No,0,Not Graduate,No,2717,0.0,60.0,180.0,1.0,Urban,Y,2717.0,1,Approved
LP002377,Female,No,1,Graduate,Yes,8624,0.0,150.0,360.0,1.0,Semiurban,Y,8624.0,1,Approved
LP002379,Male,No,0,Graduate,No,6500,0.0,105.0,360.0,0.0,Rural,N,6500.0,0,Rejected
LP002387,Male,Yes,0,Graduate,No,2425,2340.0,143.0,360.0,1.0,Semiurban,Y,4765.0,1,Approved
LP002390,Male,No,0,Graduate,No,3750,0.0,100.0,360.0,1.0,Urban,Y,3750.0,1,Approved
LP002398,Male,No,0,Graduate,No,1926,1851.0,50.0,360.0,1.0,Semiurban,Y,3777.0,1,Approved
LP002407,Female,Yes,0,Not Graduate,Yes,7142,0.0,138.0,360.0,1.0,Rural,Y,7142.0,1,Approved
LP002418,Male,No,3+,Not Graduate,No,4707,1993.0,148.0,360.0,1.0,Semiurban,Y,6700.0,1,Approved
LP002429,Male,Yes,1,Graduate,Yes,3466,1210.0,130.0,360.0,1.0,Rural,Y,4676.0,1,Approved
LP002434,Male,Yes,2,Not Graduate,No,4652,0.0,110.0,360.0,1.0,Rural,Y,4652.0,1,Approved
LP002435,Male,Yes,0,Graduate,No,3539,1376.0,55.0,360.0,1.0,Rural,N,4915.0,0,Approved
LP002443,Male,Yes,2,Graduate,No,3340,1710.0,150.0,360.0,0.0,Rural,N,5050.0,0,Rejected
LP002446,Male,Yes,2,Not Graduate,No,2309,1255.0,125.0,360.0,0.0,Rural,N,3564.0,0,Rejected
LP002447,Male,Yes,2,Not Graduate,No,1958,1456.0,60.0,300.0,1.0,Urban,Y,3414.0,1,Approved
LP002448,Male,Yes,0,Graduate,No,3948,1733.0,149.0,360.0,0.0,Rural,N,5681.0,0,Rejected
LP002449,Male,Yes,0,Graduate,No,2483,2466.0,90.0,180.0,0.0,Rural,Y,4949.0,1,Rejected
LP002453,Male,No,0,Graduate,Yes,7085,0.0,84.0,360.0,1.0,Semiurban,Y,7085.0,1,Approved
LP002455,Male,Yes,2,Graduate,No,3859,0.0,96.0,360.0,1.0,Semiurban,Y,3859.0,1,Approved
LP002459,Male,Yes,0,Graduate,No,4301,0.0,118.0,360.0,1.0,Urban,Y,4301.0,1,Approved
LP002472,Male,No,2,Graduate,No,4354,0.0,136.0,360.0,1.0,Rural,Y,4354.0,1,Approved
LP002484,Male,Yes,3+,Graduate,No,7740,0.0,128.0,180.0,1.0,Urban,Y,7740.0,1,Approved
LP002489,Female,No,1,Not Graduate,No,5191,0.0,132.0,360.0,1.0,Semiurban,Y,5191.0,1,Approved
LP002493,Male,No,0,Graduate,No,4166,0.0,98.0,360.0,0.0,Semiurban,N,4166.0,0,Rejected
LP002494,Male,No,0,Graduate,No,6000,0.0,140.0,360.0,1.0,Rural,Y,6000.0,1,Approved
LP002500,Male,Yes,3+,Not Graduate,No,2947,1664.0,70.0,180.0,0.0,Urban,N,4611.0,0,Rejected
LP002502,Female,Yes,2,Not Graduate,No,210,2917.0,98.0,360.0,1.0,Semiurban,Y,3127.0,1,Approved
LP002505,Male,Yes,0,Graduate,No,4333,2451.0,110.0,360.0,1.0,Urban,N,6784.0,0,Approved
LP002517,Male,Yes,1,Not Graduate,No,2653,1500.0,113.0,180.0,0.0,Rural,N,4153.0,0,Rejected
LP002519,Male,Yes,3+,Graduate,No,4691,0.0,100.0,360.0,1.0,Semiurban,Y,4691.0,1,Approved
LP002522,Female,No,0,Graduate,Yes,2500,0.0,93.0,360.0,1.0,Urban,Y,2500.0,1,Approved
LP002530,Male,Yes,2,Graduate,No,2873,1872.0,132.0,360.0,0.0,Semiurban,N,4745.0,0,Rejected
LP002536,Male,Yes,3+,Not Graduate,No,3095,0.0,113.0,360.0,1.0,Rural,Y,3095.0,1,Approved
LP002537,Male,Yes,0,Graduate,No,2083,3150.0,128.0,360.0,1.0,Semiurban,Y,5233.0,1,Approved
LP002544,Male,Yes,1,Not Graduate,No,1958,2436.0,131.0,360.0,1.0,Rural,Y,4394.0,1,Approved
LP002545,Male,No,2,Graduate,No,3547,0.0,80.0,360.0,0.0,Rural,N,3547.0,0,Rejected
LP002556,Male,No,0,Graduate,No,2435,0.0,75.0,360.0,1.0,Urban,N,2435.0,0,Approved
LP002560,Male,No,0,Not Graduate,No,2699,2785.0,96.0,360.0,1.0,Semiurban,Y,5484.0,1,Approved
LP002571,Male,No,0,Not Graduate,No,3691,0.0,110.0,360.0,1.0,Rural,Y,3691.0,1,Approved
LP002585,Male,Yes,0,Graduate,No,3597,2157.0,119.0,360.0,0.0,Rural,N,5754.0,0,Rejected
LP002586,Female,Yes,1,Graduate,No,3326,913.0,105.0,84.0,1.0,Semiurban,Y,4239.0,1,Approved
LP002587,Male,Yes,0,Not Graduate,No,2600,1700.0,107.0,360.0,1.0,Rural,Y,4300.0,1,Approved
LP002588,Male,Yes,0,Graduate,No,4625,2857.0,111.0,12.0,1.0,Urban,Y,7482.0,1,Approved
LP002600,Male,Yes,1,Graduate,Yes,2895,0.0,95.0,360.0,1.0,Semiurban,Y,2895.0,1,Approved
LP002603,Female,No,0,Graduate,No,645,3683.0,113.0,480.0,1.0,Rural,Y,4328.0,1,Approved
LP002606,Female,No,0,Graduate,No,3159,0.0,100.0,360.0,1.0,Semiurban,Y,3159.0,1,Approved
LP002618,Male,Yes,1,Not Graduate,No,4050,5302.0,138.0,360.0,1.0,Rural,N,9352.0,0,Approved
LP002619,Male,Yes,0,Not Graduate,No,3814,1483.0,124.0,300.0,1.0,Semiurban,Y,5297.0,1,Approved
LP002625,Male,No,0,Graduate,No,3583,0.0,96.0,360.0,1.0,Urban,N,3583.0,0,Approved
LP002637,Male,No,0,Not Graduate,No,3598,1287.0,100.0,360.0,1.0,Rural,N,4885.0,0,Approved
LP002643,Male,Yes,2,Graduate,No,3283,2035.0,148.0,360.0,1.0,Urban,Y,5318.0,1,Approved
LP002648,Male,Yes,0,Graduate,No,2130,6666.0,70.0,180.0,1.0,Semiurban,N,8796.0,0,Approved
LP002659,Male,Yes,3+,Graduate,No,3466,3428.0,150.0,360.0,1.0,Rural,Y,6894.0,1,Approved
LP002670,Female,Yes,2,Graduate,No,2031,1632.0,113.0,480.0,1.0,Semiurban,Y,3663.0,1,Approved
LP002682,Male,Yes,0,Not Graduate,No,3074,1800.0,123.0,360.0,0.0,Semiurban,N,4874.0,0,Rejected
LP002684,Female,No,0,Not Graduate,No,3400,0.0,95.0,360.0,1.0,Rural,N,3400.0,0,Approved
LP002689,Male,Yes,2,Not Graduate,No,2192,1742.0,45.0,360.0,1.0,Semiurban,Y,3934.0,1,Approved
LP002690,Male,No,0,Graduate,No,2500,0.0,55.0,360.0,1.0,Semiurban,Y,2500.0,1,Approved
LP002692,Male,Yes,3+,Graduate,Yes,5677,1424.0,100.0,360.0,1.0,Rural,Y,7101.0,1,Approved
LP002705,Male,Yes,0,Graduate,No,3775,0.0,110.0,360.0,1.0,Semiurban,Y,3775.0,1,Approved
LP002714,Male,No,1,Not Graduate,No,2679,1302.0,94.0,360.0,1.0,Semiurban,Y,3981.0,1,Approved
LP002716,Male,No,0,Not Graduate,No,6783,0.0,130.0,360.0,1.0,Semiurban,Y,6783.0,1,Approved
LP002720,Male,Yes,3+,Graduate,No,4281,0.0,100.0,360.0,1.0,Urban,Y,4281.0,1,Approved
LP002723,Male,No,2,Graduate,No,3588,0.0,110.0,360.0,0.0,Rural,N,3588.0,0,Rejected
LP002732,Male,No,0,Not Graduate,No,2550,2042.0,126.0,360.0,1.0,Rural,Y,4592.0,1,Approved
LP002738,Male,No,2,Graduate,No,3617,0.0,107.0,360.0,1.0,Semiurban,Y,3617.0,1,Approved
LP002739,Male,Yes,0,Not Graduate,No,2917,536.0,66.0,360.0,1.0,Rural,N,3453.0,0,Approved
LP002741,Female,Yes,1,Graduate,No,4608,2845.0,140.0,180.0,1.0,Semiurban,Y,7453.0,1,Approved
LP002743,Female,No,0,Graduate,No,2138,0.0,99.0,360.0,0.0,Semiurban,N,2138.0,0,Rejected
LP002753,Female,No,1,Graduate,No,3652,0.0,95.0,360.0,1.0,Semiurban,Y,3652.0,1,Approved
LP002755,Male,Yes,1,Not Graduate,No,2239,2524.0,128.0,360.0,1.0,Urban,Y,4763.0,1,Approved
LP002757,Female,Yes,0,Not Graduate,No,3017,663.0,102.0,360.0,1.0,Semiurban,Y,3680.0,1,Approved
LP002768,Male,No,0,Not Graduate,No,3358,0.0,80.0,36.0,1.0,Semiurban,N,3358.0,0,Approved
LP002772,Male,No,0,Graduate,No,2526,1783.0,145.0,360.0,1.0,Rural,Y,4309.0,1,Approved
LP002776,Female,No,0,Graduate,No,5000,0.0,103.0,360.0,0.0,Semiurban,N,5000.0,0,Rejected
LP002777,Male,Yes,0,Graduate,No,2785,2016.0,110.0,360.0,1.0,Rural,Y,4801.0,1,Approved
LP002789,Male,Yes,0,Graduate,No,3593,4266.0,132.0,180.0,0.0,Rural,N,7859.0,0,Rejected
LP002792,Male,Yes,1,Graduate,No,5468,1032.0,26.0,360.0,1.0,Semiurban,Y,6500.0,1,Approved
LP002794,Female,No,0,Graduate,No,2667,1625.0,84.0,360.0,1.0,Urban,Y,4292.0,1,Approved
LP002807,Male,Yes,2,Not Graduate,No,3675,242.0,108.0,360.0,1.0,Semiurban,Y,3917.0,1,Approved
LP002821,Male,No,0,Not Graduate,Yes,5800,0.0,132.0,360.0,1.0,Semiurban,Y,5800.0,1,Approved
LP002833,Male,Yes,0,Not Graduate,No,4467,0.0,120.0,360.0,1.0,Rural,Y,4467.0,1,Approved
LP002836,Male,No,0,Graduate,No,3333,0.0,70.0,360.0,1.0,Urban,Y,3333.0,1,Approved
LP002837,Male,Yes,3+,Graduate,No,3400,2500.0,123.0,360.0,0.0,Rural,N,5900.0,0,Rejected
LP002840,Female,No,0,Graduate,No,2378,0.0,9.0,360.0,1.0,Urban,N,2378.0,0,Approved
LP002841,Male,Yes,0,Graduate,No,3166,2064.0,104.0,360.0,0.0,Urban,N,5230.0,0,Rejected
LP002863,Male,Yes,3+,Graduate,No,6406,0.0,150.0,360.0,1.0,Semiurban,N,6406.0,0,Approved
LP002868,Male,Yes,2,Graduate,No,3159,461.0,108.0,84.0,1.0,Urban,Y,3620.0,1,Approved
LP002872,Male,Yes,0,Graduate,No,3087,2210.0,136.0,360.0,0.0,Semiurban,N,5297.0,0,Rejected
LP002874,Male,No,0,Graduate,No,3229,2739.0,110.0,360.0,1.0,Urban,Y,5968.0,1,Approved
LP002877,Male,Yes,1,Graduate,No,1782,2232.0,107.0,360.0,1.0,Rural,Y,4014.0,1,Approved
LP002893,Male,No,0,Graduate,No,1836,33837.0,90.0,360.0,1.0,Urban,N,35673.0,0,Approved
LP002894,Female,Yes,0,Graduate,No,3166,0.0,36.0,360.0,1.0,Semiurban,Y,3166.0,1,Approved
LP002898,Male,Yes,1,Graduate,No,1880,0.0,61.0,360.0,1.0,Rural,N,1880.0,0,Approved
LP002911,Male,Yes,1,Graduate,No,2787,1917.0,146.0,360.0,0.0,Rural,N,4704.0,0,Rejected
LP002916,Male,Yes,0,Graduate,No,2297,1522.0,104.0,360.0,1.0,Urban,Y,3819.0,1,Approved
LP002917,Female,No,0,Not Graduate,No,2165,0.0,70.0,360.0,1.0,Semiurban,Y,2165.0,1,Approved
LP002925,Male,No,0,Graduate,No,4750,0.0,94.0,360.0,1.0,Semiurban,Y,4750.0,1,Approved
LP002926,Male,Yes,2,Graduate,Yes,2726,0.0,106.0,360.0,0.0,Semiurban,N,2726.0,0,Rejected
LP002928,Male,Yes,0,Graduate,No,3000,3416.0,56.0,180.0,1.0,Semiurban,Y,6416.0,1,Approved
LP002936,Male,Yes,0,Graduate,No,3859,3300.0,142.0,180.0,1.0,Rural,Y,7159.0,1,Approved
LP002940,Male,No,0,Not Graduate,No,3833,0.0,110.0,360.0,1.0,Rural,Y,3833.0,1,Approved
LP002943,Male,No,0,Graduate,No,2987,0.0,88.0,360.0,0.0,Semiurban,N,2987.0,0,Rejected
LP002953,Male,Yes,3+,Graduate,No,5703,0.0,128.0,360.0,1.0,Urban,Y,5703.0,1,Approved
LP002974,Male,Yes,0,Graduate,No,3232,1950.0,108.0,360.0,1.0,Rural,Y,5182.0,1,Approved
LP002978,Female,No,0,Graduate,No,2900,0.0,71.0,360.0,1.0,Rural,Y,2900.0,1,Approved
LP002979,Male,Yes,3+,Graduate,No,4106,0.0,40.0,180.0,1.0,Rural,Y,4106.0,1,Approved
LP002990,Female,No,0,Graduate,Yes,4583,0.0,133.0,360.0,0.0,Semiurban,N,4583.0,0,Rejected
